"","Control","sd_Control","Imatinib","sd_Imatinib","Desatinib","sd_Desatinib","Combination","sd_Combination","sd_ranef","sd_resid","PwrBliss","PwrHSA"
"1",0.812777295865493,0.0555802691937463,0.371069049867287,0.0366469530073192,0.348125032196907,0.0356561519895154,0.146922053466925,0.037471969584535,0.10850009252469,0.784923763818249,0.812,0.96
