"","Control","Imatinib","Desatinib","Combination","sd_ranef","sd_resid","PwrBliss","PwrHSA"
"estimate",0.819004423986254,0.371117981485976,0.348132608115811,0.146922053466925,0.228687684513472,0.445269535649115,0.781,0.894
