"","Control","sd_Control","Gemcitabine","sd_Gemcitabine","CGP_082996","sd_CGP_082996","Combination","sd_Combination","sd_ranef","sd_resid","PwrBliss","PwrHSA"
"1",1.32555670824428,0.0485822871346006,1.09181142923527,0.0293478554165623,0.971591550457905,0.0350189306642239,0.899349739547697,0.0320451336264049,0.0737463571084938,0.850937284576021,0.66,0.384
