"","Control","Gemcitabine","CGP_082996","Combination","sd_ranef","sd_resid","PwrBliss","PwrHSA"
"estimate",1.32555670824428,1.09181142923527,0.971591550457905,0.899349739547697,0.0737463571084938,0.850937284576021,0.66,0.384
