"","Vehicle","sd_Vehicle","Cetuximab","sd_Cetuximab","Palbociclib","sd_Palbociclib","Combination","sd_Combination","sd_ranef","sd_resid","PwrBliss","PwrHSA"
"1",0.509749002269527,0.0429414007505576,0.379118523678312,0.047408864313767,0.394031694323787,0.0445740986404974,0.056190295332765,0.0429082587731272,0.337671556611058,0.39451905340568,0.658,0.998
