"","Vehicle","Cetuximab","Palbociclib","Combination","sd_ranef","sd_resid","PwrBliss","PwrHSA"
"estimate",0.509749002269527,0.379118523678312,0.394031694323787,0.056190295332765,0.337671556611058,0.39451905340568,0.658,0.998
