"","Ctrl","GABA","Anti-PD1","Combination","sd_ranef","sd_resid","PwrBliss","PwrHSA"
"estimate",0.59180265114364,0.598642744171705,0.508251807352204,0.680854259732543,0.327961834012828,0.507996538581839,0.385,0.667
