"","Ctrl","Rabusertib","Irinotecan","Combination","sd_ranef","sd_resid","PwrBliss","PwrHSA"
"estimate",0.0970832184718429,0.103222396161568,-0.00641190365236972,-0.0369933014445884,0.0282530100857951,0.401872722040472,0.896,0.994
