"","Ctrl","Fulv","Her","Combination","sd_ranef","sd_resid","PwrBliss","PwrHSA"
"estimate",0.0347001453102701,0.000669494860707353,0.0482327898660488,0.0263368080362494,0.114345507155768,0.154726110129117,0.151,0.655
