"","Ctrl","Fulv","EGF","Combination","sd_ranef","sd_resid","PwrBliss","PwrHSA"
"estimate",0.034928111379326,0.00152295213037782,0.0293471458720034,-0.0169003268759051,0.0870524325739456,0.154667256729527,0.194,0.489
