"","Ctrl","sd_Ctrl","Fulv","sd_Fulv","EGF","sd_EGF","Combination","sd_Combination","sd_ranef","sd_resid","PwrBliss","PwrHSA"
"1",0.034928111379326,0.00629563714744132,0.00152295213037782,0.00701614931767045,0.0293471458720034,0.00773313410675631,-0.0169003268759051,0.00669810255194571,0.0870524325739456,0.154667256729527,0.194,0.489
