"","Ctrl","Her","Trast","Combination","sd_ranef","sd_resid","PwrBliss","PwrHSA"
"estimate",0.0346376761007892,0.0480171044445524,0.0197645518119236,0.0185414915761276,0.126983116959289,0.154749837691891,0.145,0.079
