"","Ctrl","Rabusertib","Irinotecan","Combination","sd_ranef","sd_resid","PwrBliss","PwrHSA"
"estimate",0.131853359032816,0.149526324376648,0.00198173525662961,-0.0149604174572563,0.0311564789193819,0.352090133180432,0.443,0.597
