"","Ctrl","Rabusertib","Irinotecan","Combination","sd_ranef","sd_resid","PwrBliss","PwrHSA"
"estimate",0.0589420242509275,0.0577361952630766,0.023399086293938,0.00374712467493902,0.0578303719116932,0.184971982117207,0.458,0.74
