"","Control","sd_Control","Docetaxel","sd_Docetaxel","GNE-317","sd_GNE-317","Combination","sd_Combination","sd_ranef","sd_resid","PwrBliss","PwrHSA"
"1",2.19745338526054,0.135131093377729,1.89322562405883,0.0715479032937894,1.98543008430579,0.101184015197436,1.45173950363427,0.0519629527721045,0.036764257270268,2.56776375434172,0.271,0.993
