"","Control","Docetaxel","GNE-317","Combination","sd_ranef","sd_resid","PwrBliss","PwrHSA"
"estimate",2.19745338526054,1.89322562405883,1.98543008430579,1.45173950363427,0.036764257270268,2.56776375434172,0.271,0.993
